{
	"list": [{
		"date": "2017-07",
		"arr": {
			"year": 2017,
			"month": 7,
			"src": ["", "", "", "", "", ""],
			"link": ["BW_0-LNAEQy", "BWw_lTjAWvP", "BWl0n7ggC8d", "BWbyVtmgZA0", "BWPEL03A6QN", "BWJyvn_A8k1", "BWEqgtvgzyu"],
			"text": ["那天拍这张照片，是看到一个小女孩，借了妈妈的手机，边拍边赞叹“好美丽的颜色啊”。但照片最大的谎言就是定格，人们觉得美好是永恒的，至少不太会想时间之外的事情。\n事实上这种植物一旦攀上柱子，就疯子一般往上爬，为了给顶端的小苗供给养分，下面的叶子会慢慢掉光。立交桥好高呀，小苗爬不上去，累了也枯萎了。最后只剩下光秃秃的丑陋藤条。\n不过我还是希望小女孩过几天再看到它时，只是轻轻说“啊原来是这样”，而不是和我一样觉得它很丑。", "倦", "最光明的那个早上", "光芒万丈", "接连的雨，让高架上的三角梅窜得好高。高于路灯高于建筑物高于一切。不过它们的命运就是被剪掉，然后继续做一棵安分守己的好花", "天桥上汽车奔驰，天桥下静默花开。这是两个世界。", "用流行的话来讲，深圳现在的天气就是“一言不合就下雨”。但是天空从来就没有言语呀，也从来没有凑合谁的心意。不说话，不取悦，就很酷。"],
			"type": ["image", "image", "image", "image", "image", "image"]
		}
	}, {
		"date": "2017-06",
		"arr": {
			"year": 2017,
			"month": 6,
			"src": ["", "", "", "", "", "", ""],
			"link": ["BV6WiUxgHp0", "BVrnb0GAIbo", "BVq6fMHAV8i", "BVUXrYtFwlA", "BVHdxQsFpYS", "BVE4dC6l-tK", "BVCbPn6lOqn"],
			"text": ["午睡", "分享一个甜甜圈", "分享一个失败的对焦", "雨后", "腾讯云", "黄昏的公园深处", "从今天开始，决定数一下一年有多少个多云的日子。"],
			"type": ["image", "image", "image", "image", "image", "image", "image"]
		}
	}, {
		"date": "2017-05",
		"arr": {
			"year": 2017,
			"month": 5,
			"src": ["", "", "", "", "", "", "", "", "", "", "", "", "", ""],
			"link": ["BUqBlIWFF_f", "BUlWsL0F5kE", "BUgrXBVlaJR", "BUdT28JFYpP", "BUYZzrJFfdJ", "BUO7nZZlWf0", "BUEZNOKFUK0", "BUB8VemFJEE", "BUA8KqRlF3n", "BT_4mkYFxc5", "BT_eImQF9sY", "BT-fITqlTiO", "BT27_ryFIr_", "BT0azZAFBIs"],
			"text": ["森林之晨", "Hello, _____", "水中豆", "雨中的公交车窗外", "飞机飞过天空", "西塘总的来说，还是挺好。就满大街唱着《成都》和《一瞬间》，感觉不是很懂…", "可能南浔真的是去过小镇的一个特例。没有太多的迷之传说去渲染，它就在这，一言不发的等你。兜兜转转又回到了百间楼，挨家问有人吗，随便帮再做个炒绣花锦吧，吃完这个菜我就走。", "看了一下午的燕子", "燕子飞过百间楼", "夜色里迷了路", "雨中漫步", "可能是一种“一出行铁定下雨”的体质", "生如夏花。整个四月都过得比较丧，想了下唯一开心的事情就是朴树的专辑了。", "五月"],
			"type": ["image", "image", "image", "image", "image", "image", "image", "image", "image", "image", "image", "video", "image", "image"]
		}
	}, {
		"date": "2017-04",
		"arr": {
			"year": 2017,
			"month": 4,
			"src": ["", "", "", "", "", ""],
			"link": ["BTvD8fCFOpY", "BTbS_uKF5Xx", "BTYKbXMFoUM", "BSc5TamlT16", "BSbA96PFiWC", "BSTZP6-gSaD"],
			"text": ["多久没去看一场日出", "阳光已经铺满下班的街道", "午睡", "与你跋山涉水", "清明晚宴，以及一个迟下楼的我", "一个突如其来的雨天"],
			"type": ["image", "image", "image", "image", "image", "image"]
		}
	}, {
		"date": "2017-03",
		"arr": {
			"year": 2017,
			"month": 3,
			"src": ["", "", "", "", "", "", "", ""],
			"link": ["BSLeDr7gDu9", "BSIUnyfAdQY", "BSAjHqkgtr9", "BR-0YW4gfC9", "BRk5uUzlAe2", "BRXafqQgsSY", "BRS_5qFA9dW", "BRIjntvFr5d"],
			"text": ["蜘蛛与落日", "春林初盛", "日光倾城", "夜空中最亮的路灯", "二月底就开始构思要拍一组日系，每天端着相机来上班，然而是连续半个月的阴雨。今天终于天放晴了，相机却没了电。", "车窗里雾气，车窗外水滴。想起小时候作文，写为什么喜欢雨天，因为晴天你会纠结要不要出去玩，雨天就不用想，踏实呆家里好了。但那是小时候，现在也踏实了，就是下不下雨都要去上班啊…", "街拍 | 七点半", "“又是一轮月高悬 云端那边的天 两颗星座遥望夜空 永远不能相逢”"],
			"type": ["image", "image", "image", "image", "image", "image", "image", "image"]
		}
	}, {
		"date": "2017-02",
		"arr": {
			"year": 2017,
			"month": 2,
			"src": ["", "", "", "", ""],
			"link": ["BRBWMaAl2h2", "BQfmYX5gfiy", "BQU0S39AetF", "BQFkKYIASOp", "BQAdVx5AOLy"],
			"text": ["深圳的高架有很多三角梅，这种花的优点和缺点都是太倔强", "最近重新把球拍拿了起来。还是会很怀念，高中那时的球馆，阳光也是这样斜斜照进来。球滚到再远的角落，还是能捡起来；人走出了球馆，可能再也回不来。不过，只要你等，也总有陌生人推开门说：加我一个。", "深圳", "离家前心血来潮，突然想再刷一遍《白鹿原》，就把书给捎上了。列车经过山洞，窗外是明灭的光影，第一次觉得黑娃横腰打白嘉轩的那一棍子这么魔幻…好像会有迷之bgm响起，佐助说我要毁了木叶", "近乡情怯。情怯，多好的词语"],
			"type": ["image", "image", "image", "image", "image"]
		}
	}, {
		"date": "2017-01",
		"arr": {
			"year": 2017,
			"month": 1,
			"src": ["", "", "", "", ""],
			"link": ["BPwIWSXgQ_L", "BPoXK-sgC6M", "BPMTnMTAH_Y", "BPKrtVMgo9j", "BPAVAW5gFc7"],
			"text": ["城市住久了，第一次决定在乡村过年。白天开心农场，晚上拍星星，过上了谈笑无鸿儒往来有白丁的生活…", "稻草人的早晨", "列车继续加速度，水珠在最后的时光里尽情飞驰", "一个等车的人都没有。上一次看到这副光景，是2009年10月5日的凌晨3点半，湘潭至武汉", "“人呢？”“买菜去了呗，真慢”——所谓冬日的阳光"],
			"type": ["image", "image", "video", "image", "image"]
		}
	}, {
		"date": "2016-12",
		"arr": {
			"year": 2016,
			"month": 12,
			"src": ["", "", "", "", "", "", "", "", "", "", "", "", "", ""],
			"link": ["BOsC8obAOwI", "BOpI4qsAi6c", "BOjCbzZAhQy", "BOUysuPgbXG", "BOTVNfYgjRt", "BOMjl4LATC-", "BOAF_bbA9H0", "BN9ZdHuAqL1", "BN30BiDAVGo", "BN2CjzagYQK", "BNyLQGUgdma", "BNwOJYlgAOL", "BNtsL5QgEts", "BNn5V7oA_nc"],
			"text": ["每年这个时候都要趴在这座天桥，拍一张照。这个世界似乎没变，但又在喧哗和前行。这年成长了挺多，也学会看淡一些事情。\n可能是代码写多了，感觉世界的逻辑有时很简单，事情无非是let，变化历历，或者是const，永恒安息。如果一开始就想清楚，留不住的就随风去，不会变的就钉到骨子里。那你说多轻松。", "去看雪？", "“大楼诗人”", "又是一年岁末时", "say hi", "现在的每个日落，都会有光正巧从窗帘缝隙钻过，平行照射到我的电脑屏幕。这个时刻就感觉特别神圣和中二。披上了迷之神眷色彩，讲不好我的工位就是个宇宙中心，太阳在绕着代码转", "末班车", "树影，好似一只黄鹂和蜣螂", "街拍 | 晴天", "“望”", "午睡", "“黄昏之时”", "枯萎的植物，最后的光", "街拍 | 也许是深圳最后的夏日"],
			"type": ["image", "image", "image", "image", "image", "image", "image", "image", "image", "image", "image", "image", "image", "image"]
		}
	}, {
		"date": "2016-11",
		"arr": {
			"year": 2016,
			"month": 11,
			"src": ["", "", "", "", "", "", "", "", "", "", "", "", ""],
			"link": ["BNUaqEagioX", "BNTHIbUgigX", "BNRr9zBg0fu", "BNQHWSwA1Gy", "BNPbdVIg6gT", "BNOpXsKgU53", "BNBrozHAAV7", "BM8hsf-grvj", "BM8WO8xglvC", "BMy1VT3grFk", "BMrSxSNgpIN", "BMedxcZA0_g", "BMQLQvogqn7"],
			"text": ["“我是谁我爱谁我要谁我去哪”", "天都峰顶转一圈，站的地方巴掌大其实很慌…", "下了一夜雨，晚上没睡好，脑子里老想着天都峰关闭的事情。但风云变幻就在一瞬间，冥冥中必有回响，突如其来的晴天太过惊喜。峰顶走起", "上年没见着的雾凇突然出现，愿望兑现的感觉", "“不看岳”", "黄山行", "宿舍楼", "华科的秋天好像一条安静河流，慢慢扩散，了无声息，异常缓慢，又很具体。反正，时间还有很多，请随意", "又回我科，我科这个季节怎么拍都好看", "今夜月亮", "想过去改变，想过要离开，想过拍拍裤管就去远方。然后又想是不是先做出点事情，后来又突然有了点责任，再后来发现自己可以影响一些人… 它没有扼杀选择，反而让更多条路铺在我面前。所以，生日快乐，18岁。", "街拍 | 面对面", "一叶知秋"],
			"type": ["image", "video", "image", "image", "image", "image", "image", "image", "image", "image", "image", "image", "image"]
		}
	}, {
		"date": "2016-10",
		"arr": {
			"year": 2016,
			"month": 10,
			"src": ["", "", "", "", "", "", "", "", "", "", "", "", ""],
			"link": ["BL_WXdxAM1Y", "BL6dTmIgecl", "BLv6COag1M6", "BLlf8WWgHcJ", "BLfzJ7gjj-8", "BLbaFJDAJ1i", "BLVHTFJgfg-", "BLTvxMWgKUn", "BLTd_nVAFQi", "BLP2UMKAGcn", "BLJIJCegCT3", "BLDZyq2g7Zr", "BLDSZ6pAsAZ"],
			"text": ["这年头不做作的民谣已经很少了……", "很久没去看那群留守的孩子了。他们还是很容易对每个人卸下心防，情绪会很强烈，所以开心时笑得特别大声，这让我想到悲伤会不会也成正比。不敢想。这世上，不一定所有问题都要去思考去直面，因为时间能帮你们解决很多问题。起码，在一起玩的时间。", "深圳雨，台风。小时候问大人，为什么我的风筝飞不起来？他们说要等大风。所以我期待着台风天。等了半年，台风来了，我却只能呆在窗户里往外看，也开始理解这场空欢喜。后来发现台风不单是种天气，还可以是一件事或一个人", "鸽子再也看不到无名山的高，你也不再是安和桥下清澈的水", "降低了预期，觉得滕王阁还不错。路遇一位玩摄影的大爷，教了许多东西，也听他说了许多往事。其实人得不得意都要尽欢，白不白头都要有那么一点青云之志", "东四变成了超市\n东三变成了清真\n神剪阁还在\n绝望坡的小吃多到绝望\n球场都翻修了\n计科有钱了(辅导员说的)\nofo小黄车已占领校园\n学弟学妹主要玩lol和王者荣耀\n光谷门对面依旧有鸡蛋灌饼和麻辣烫\n韵苑食堂还是不怎么好吃\n沁苑的猫又生了许多娃…\n\n来去匆匆，一些照片在：http://120.24.181.238/gallery/", "要是一个地方能称作图书馆，不单单是因为图书，还因为它收藏了太多的心事。\n一语一念，虽不可借阅，愿永不过期。", "《深夜食堂》", "《返校日》", "旧时作", "和奶奶在一起。把轮椅推到广场下面玩，突然问我：你们厂生产什么？我：很难说，网络你知道吗… 奶奶：哦，卖绳子的啊", "19年前的我，就已经学会了爱恨分明……", "回老家，今天正好是“圩日”。村民一家老小，从竹林深处的罗江村出发，走过这条小桥，赶往市集。买到中意的衣服，或者零食，这就是完美的一天"],
			"type": ["video", "image", "image", "image", "image", "image", "image", "image", "image", "image", "image", "image", "image"]
		}
	}, {
		"date": "2016-09",
		"arr": {
			"year": 2016,
			"month": 9,
			"src": ["", "", "", "", "", "", "", "", "", ""],
			"link": ["BK-l0eHgWep", "BK3W05HgBqP", "BK0nQcSARek", "BKx6pvkg5HE", "BKfNILQgNAO", "BKdn7vEAJJW", "BKcdEbPAWzk", "BKcCulagAx1", "BKazUfGAFlb", "BKayutggosw", "BKTJUOdgkLm", "BKIiijpAvmT"],
			"text": ["街拍 | 回望", "街拍 | 深拷贝…", "街拍 | 拷贝", "街拍 | 擦肩而过", "苗族妹子上来敬酒。以为只是普通米酒，一饮而尽，后来才跟我说有70度。那还怎样办？不走了。", "满城星星点点的灯火，当作你心心念念的生日蜡烛吧。生日快乐，永远单纯。", "以大为美的苗族银饰，近看却有许多复杂的细节", "迷了路找不见甲秀楼位置。干脆坐下来吃一碗哨脆面，听到对面歌舞升平，寻路过去果然找到了。道理就是，有地标的地方就有广场，有广场的地方就有广场舞。感谢大妈，感谢广场舞。", "眼中仿佛藏了一个宇宙", "曾经想仗剑走天涯", "…", "hello，好久不见"],
			"type": ["image", "image", "image", "image", "image", "image", "image", "image", "image", "image"]
		}
	}, {
		"date": "2015-12",
		"arr": {
			"year": 2015,
			"month": 12,
			"src": ["https://scontent.cdninstagram.com/hphotos-xfa1/t51.2885-15/e15/12317949_812027942276002_800384968_n.jpg"],
			"link": ["-wSMLcI7sl"],
			"text": ["秦教练教学得很好，三小时已可征服中级场。滑雪真是项迷人的活动，还没回去就约好了下次再来"],
			"type": ["video"]
		}
	}, {
		"date": "2015-11",
		"arr": {
			"year": 2015,
			"month": 11,
			"src": ["https://scontent.cdninstagram.com/hphotos-xft1/t51.2885-15/s640x640/sh0.08/e35/12269862_894338194013437_1805169379_n.jpg", "https://scontent.cdninstagram.com/hphotos-xpf1/t51.2885-15/s640x640/sh0.08/e35/12276891_172191463131445_911534090_n.jpg", "https://scontent.cdninstagram.com/hphotos-xtp1/t51.2885-15/s640x640/sh0.08/e35/12237527_913338585386151_2037194016_n.jpg", "https://scontent.cdninstagram.com/hphotos-xap1/t51.2885-15/e15/11934646_1088170014540783_209449183_n.jpg"],
			"link": ["-tqoLXo7v-", "-qKfKxo7nw", "-nE5BQo7uP", "9qjBpWI7lk"],
			"text": ["雪上鸦飞", "行走于结了冰的松花江上，遇到一群放生的人。佛经飘扬，鱼虾入河，河面转瞬又恢复了平静。而后在饭店，服务员说我们的鱼，就来自这松花江里。\n\n佛的安排奇妙又令人啼笑，鱼让俩群不同的人都收获了快乐？那么我想，鱼就是佛", "月上枝头", "在天黑后的日光岩顶呆了很久，一个人看一座岛，孤单也自由。后来遇到一位姑娘，我们一同下山。带着她逛遍整条龙头路找吃的，但她什么也不愿吃，问她，她说，想吃酸辣土豆丝。\n\n只有笑着承认，真是意料之外的答案。我出来玩，就是为了吃平时吃不到的东西，她则是觉得家乡的菜最熟悉，在哪都是愿意吃的。\n\n好吧，陪你吃。因为，离开武汉这么久，我也挺想念这道菜。"],
			"type": ["image", "image", "image", "video"]
		}
	}, {
		"date": "2015-10",
		"arr": {
			"year": 2015,
			"month": 10,
			"src": ["https://scontent.cdninstagram.com/hphotos-xpt1/t51.2885-15/s640x640/sh0.08/e35/12145229_1722399741326075_2063247708_n.jpg", "https://scontent.cdninstagram.com/hphotos-xpt1/t51.2885-15/s640x640/sh0.08/e35/12080493_892409564169375_1626542651_n.jpg", "https://scontent.cdninstagram.com/hphotos-xtp1/t51.2885-15/s640x640/sh0.08/e35/11849199_203248513340142_1615092499_n.jpg", "https://scontent.cdninstagram.com/hphotos-xpt1/t51.2885-15/e15/12132912_162625974083441_1400003063_n.jpg", "https://scontent.cdninstagram.com/hphotos-xpt1/t51.2885-15/s640x640/sh0.08/e35/12135478_1700175696879683_933151519_n.jpg"],
			"link": ["9VYE8YI7sk", "9BkX3xo7od", "8-Ba4MI7lt", "88Neujo7r2", "8uKqhDo7vp"],
			"text": ["在路上", "11点的时候，不想睡，借一只手电，一人夜游古村。这事情很刺激，转角遇到的神像，榕树的垂枝，摇曳的灯笼，自己投射到土楼的巨大影子，莫名的恐惧自心底升起。然而后来又不怕了，却总是想起以前去的思溪源村…with my friends", "古城的砖瓦年代久了，就很容易长出猫来", "以前吉他老师说，对于一首天空之城，听过与弹过是完全不一样的。弹过后才知道，从开始的吉他2品就一直在递增，仿佛自身也在飞翔，云层渐开，空城显现，情绪是那么容易被调动。然而我的水平只够感动自己，要抓紧时间努力学习了。不说了，玩游戏去了", "海上日出"],
			"type": ["image", "image", "image", "video", "image"]
		}
	}, {
		"date": "2015-9",
		"arr": {
			"year": 2015,
			"month": 9,
			"src": ["https://scontent.cdninstagram.com/hphotos-xtf1/t51.2885-15/s640x640/sh0.08/e35/11875445_885316994870904_706284789_n.jpg", "https://scontent.cdninstagram.com/hphotos-xpa1/t51.2885-15/s640x640/sh0.08/e35/11352715_138879086461968_2066668148_n.jpg"],
			"link": ["8NKC9RI7oZ", "8DOh_to7p0"],
			"text": ["沙滩总有数不完的沙子，数不完的故事。在这突然想起那本还没看完的《岛上书店》，是时候继续做些什么了", "陌上花开"],
			"type": ["image", "image"]
		}
	}, {
		"date": "2015-6",
		"arr": {
			"year": 2015,
			"month": 6,
			"src": ["https://scontent.cdninstagram.com/hphotos-xft1/t51.2885-15/e15/11429225_720390118073037_768409912_n.jpg", "https://scontent.cdninstagram.com/hphotos-xap1/t51.2885-15/e15/11420780_1012574008772885_1569805305_n.jpg", "https://scontent.cdninstagram.com/hphotos-xtf1/t51.2885-15/e15/11252784_879698105429690_2109453469_n.jpg", "https://scontent.cdninstagram.com/hphotos-xfa1/t51.2885-15/e15/11267410_925161560884785_371811288_n.jpg", "https://scontent.cdninstagram.com/hphotos-xaf1/t51.2885-15/e15/11375982_491190547696110_2013240096_n.jpg"],
			"link": ["4T1Lfgo7gX", "3-mmN3o7mn", "3uts9do7jI", "3iK7kwI7j1", "3glBKbI7jm"],
			"text": ["大雨之后", "一脸无辜的王尼玛大哥，从肚腩来看，果然是正品？", "感觉迷上风筝了。有次做梦，想到一根根拉伸向上的线，像是在钓空中的鱼。而一个技术娴熟的“渔夫”，收杆时是这么干净利落。", "起飞", "小萝莉不愿回家，跟奶奶说：“再让我玩会，明天要学钢琴，后天要学跳舞，就来不了这儿玩了。”"],
			"type": ["image", "image", "video", "video", "image"]
		}
	}, {
		"date": "2015-5",
		"arr": {
			"year": 2015,
			"month": 5,
			"src": ["https://scontent.cdninstagram.com/hphotos-xtp1/t51.2885-15/e15/11252751_1444216632541093_1558227860_n.jpg", "https://scontent.cdninstagram.com/hphotos-xfa1/t51.2885-15/e15/11226595_701075516681953_1354085958_n.jpg"],
			"link": ["24-dd6o7uB", "2uQeuaI7nv"],
			"text": ["风雨欲来", "野生海带"],
			"type": ["image", "video"]
		}
	}, {
		"date": "2015-4",
		"arr": {
			"year": 2015,
			"month": 4,
			"src": ["https://scontent.cdninstagram.com/hphotos-xap1/t51.2885-15/e15/11142212_609961145801361_1913577076_n.jpg", "https://scontent.cdninstagram.com/hphotos-xfa1/t51.2885-15/e15/11049421_1375007652828983_401355534_n.jpg", "https://scontent.cdninstagram.com/hphotos-xaf1/t51.2885-15/e15/11137852_1649834698581861_1050691792_n.jpg", "https://scontent.cdninstagram.com/hphotos-xfa1/t51.2885-15/e15/11055751_1573536912901494_1683773508_n.jpg", "https://scontent.cdninstagram.com/hphotos-xtf1/t51.2885-15/e15/11055897_1407191599597961_1763496348_n.jpg"],
			"link": ["1IUZByo7vP", "1ISKRxo7r8", "1GPBzpo7qW", "1FtGO3I7kN", "1C03iPI7hZ"],
			"text": ["要回去啦，再见北流河", "灵芝get√", "这里的清明是个很重要的节日，子孙们都会回来，跋山涉水，竹排渡江，荒山寻路，凭集体的记忆寻找列祖列宗的宝地，寄哀思，也求福德。一路上可以听他们唠叨旧事，也有超级靠谱的风水科普", "为了部落", "在清明的山路遇到了天然松香"],
			"type": ["video", "image", "image", "image", "image"]
		}
	}, {
		"date": "2015-3",
		"arr": {
			"year": 2015,
			"month": 3,
			"src": ["https://scontent.cdninstagram.com/hphotos-xft1/t51.2885-15/e15/11123665_1542600796003839_1576473443_n.jpg", "https://scontent.cdninstagram.com/hphotos-xfa1/t51.2885-15/e15/11008101_1593505510894691_369067449_n.jpg"],
			"link": ["04_8fwo7gL", "zzfe7Oo7uc"],
			"text": ["如果你飞得像月亮这么高，就不会搁浅在树上", "喜欢这个季节的天空，你找个草坪一躺，飞机，风筝，鸟儿就都在上边，天气好时还能看到白天的月亮"],
			"type": ["image", "image"]
		}
	}, {
		"date": "2015-2",
		"arr": {
			"year": 2015,
			"month": 2,
			"src": ["https://scontent.cdninstagram.com/hphotos-xaf1/t51.2885-15/e15/10958252_1405701033068537_2023890854_n.jpg", "https://scontent.cdninstagram.com/hphotos-xtp1/t51.2885-15/e15/10832246_413065338853260_183697882_n.jpg", "https://scontent.cdninstagram.com/hphotos-xaf1/t51.2885-15/e15/10268927_436139166536328_1377561628_n.jpg", "https://scontent.cdninstagram.com/hphotos-xfa1/t51.2885-15/e15/11008343_410508022446936_713236389_n.jpg"],
			"link": ["zcWez6I7uo", "zRPazvI7ol", "zPN2LtI7sT", "zKrDWlo7gZ"],
			"text": ["很多东西随着慢慢长大，变得不像小时候那样盼望热切，比如巧克力麦当劳薯片雪糕。只有对担子粉的爱永远不变的说…", "据说是一年一度考验演技的时候…", "锈迹斑斑的香炉", "回老家了，小时候跟我打过玻璃珠的小伙伴们呢？你们一个在北京，一个在安徽，一个在澳洲，一个我都不知道了…但你们看到玻璃珠的时候，要想起我来啊"],
			"type": ["image", "image", "image", "image"]
		}
	}, {
		"date": "2015-1",
		"arr": {
			"year": 2015,
			"month": 1,
			"src": ["https://scontent.cdninstagram.com/hphotos-xtf1/t51.2885-15/e15/10932550_620643038062978_1729442807_n.jpg", "https://scontent.cdninstagram.com/hphotos-xtp1/t51.2885-15/e15/891532_1563899373855738_1180535181_n.jpg", "https://scontent.cdninstagram.com/hphotos-prn/t51.2885-15/e15/10005439_338105566394046_854247264_n.jpg", "https://scontent.cdninstagram.com/hphotos-xap1/t51.2885-15/e15/10903312_693622147425934_1766884651_n.jpg", "https://scontent.cdninstagram.com/hphotos-xpt1/t51.2885-15/e15/10914460_1546003772305181_1301162053_n.jpg", "https://scontent.cdninstagram.com/hphotos-xaf1/t51.2885-15/e15/10903277_832760670116494_255352239_n.jpg", "https://scontent.cdninstagram.com/hphotos-xpa1/t51.2885-15/e15/924083_1539057536347062_2062767438_n.jpg", "https://scontent.cdninstagram.com/hphotos-xfa1/t51.2885-15/e15/10890944_765121966897759_2039585477_n.jpg"],
			"link": ["yb8uaCI7tt", "yKBopho7mX", "yAOcawI7pA", "x5U25kI7sN", "x1TTZUo7gW", "xeGbWuo7if", "xXr70fI7iD", "xUB4dOI7g1"],
			"text": ["草地上遗落的鞋子", "有位很久没联系的朋友寄来明信片，说：我很少看到海，正如你没见过几次雪", "深夜总是灵感乍现的最佳时期，只是几个设计方案都没法使自己满意。累了打开窗看到天上有个大月亮，只想用图章工具把它干掉。", "面朝大海冬暖花开", "分享日常不正常生活照一张", "其实我想，那些古老的渔民们，每天看着海岸线的日落日出，肯定是有人想过地球是圆的。而“想法”与“证明”之间，却跨越了一整条麦哲伦航道", "鱼山鱼海中，只有你，肯安静的趴在65厘米厚的亚克力板子上与我合影，大丑鱼", "新年单人旅行走起。其实从九洲港码头开始，珠海并没有给人很惊喜的感觉，包括盛名之下的沿海风光与渔女雕塑。倒是交通不通畅，从轮渡到公交都给我带来了许多麻烦。直到，晚上吃烤生蚝的第一口，我又觉得什么事情都是可以原谅的……"],
			"type": ["image", "image", "image", "image", "image", "image", "image", "image"]
		}
	}, {
		"date": "2014-12",
		"arr": {
			"year": 2014,
			"month": 12,
			"src": ["https://scontent.cdninstagram.com/hphotos-prn/t51.2885-15/e15/10899183_999582293404177_745539859_n.jpg", "https://scontent.cdninstagram.com/hphotos-xaf1/t51.2885-15/e15/10894909_702627706517406_1277557620_n.jpg", "https://scontent.cdninstagram.com/hphotos-xtp1/t51.2885-15/e15/10831989_483313928477468_40906631_n.jpg"],
			"link": ["xRWN47I7pW", "xO3qREI7iW", "wEQykeo7tU"],
			"text": ["2014年最后的阳光", "最后一节吉他课结束后，马路上那风一直吹，才感觉南方的冬天终于是来了。其实吉他在冬天会有许多神奇的事情。比如琴弦如肌肉一样因冷而紧绷，发出比以往沉闷的低语；而空旷的大教室里，如有其他同伴拨响和弦，手中本已按灭的琴弦又会因共鸣微微颤动。像有生命一样。", "有棵丑树，我经常去看，又胖又歪，秃得可笑。在变冷的一天，它突然就开花了。冬天的花我知道得很少，南方没有梅花，那就是异木棉了"],
			"type": ["image", "image", "image"]
		}
	}, {
		"date": "2014-11",
		"arr": {
			"year": 2014,
			"month": 11,
			"src": ["https://scontent.cdninstagram.com/hphotos-prn/t51.2885-15/e15/10784965_1518537748403855_176956695_n.jpg", "https://scontent.cdninstagram.com/hphotos-prn/t51.2885-15/e15/10735195_1505939246340704_1984926778_n.jpg", "https://scontent.cdninstagram.com/hphotos-prn/t51.2885-15/e15/10747711_429336373885590_422028037_n.jpg"],
			"link": ["vP2ywuo7pq", "vA68BLo7tN", "u7zEVxo7vw"],
			"text": ["通灵之术！", "现场气氛果然不一样，马上就可以看到小伞在大哥胯下疯狂输出…是时候来首选一记薇恩了", "有朋友跟我说，挪威的森林根本看不下去；又有朋友说，看这书一发不可收拾。差别好大呀！我倒觉得有个简单的方法：翻到开篇的这几个字，如果心中一紧，那就说明这本书适合你，否则请弃之"],
			"type": ["image", "image", "image"]
		}
	}, {
		"date": "2014-10",
		"arr": {
			"year": 2014,
			"month": 10,
			"src": ["https://scontent.cdninstagram.com/hphotos-frc/t51.2885-15/e15/10735112_730529873702428_413107753_n.jpg", "https://scontent.cdninstagram.com/hphotos-prn/t51.2885-15/e15/10725177_573652486072155_1401604216_n.jpg", "https://scontent.cdninstagram.com/hphotos-xfp1/t51.2885-15/e15/10724868_302191016652312_2097904817_n.jpg", "https://scontent.cdninstagram.com/hphotos-xft1/t51.2885-15/e15/10731727_461314204008708_386749273_n.jpg"],
			"link": ["uu70zJo7qb", "uQnvluo7sK", "uLi56Wo7oO", "uEv-tCo7rJ"],
			"text": ["天下的小饼干遇到我，貌似就只有一种下场！！", "一个人，一支口琴，一片海，一瓶酒", "《论夜归，打的，以及发票的正确用法》", "童年真好。我以后一定不要跟孩子说：希望你快高长大这种傻话…"],
			"type": ["image", "image", "image", "image"]
		}
	}, {
		"date": "2014-9",
		"arr": {
			"year": 2014,
			"month": 9,
			"src": ["https://scontent.cdninstagram.com/hphotos-frc/t51.2885-15/e15/10616983_1382591478697855_2107473552_n.jpg", "https://scontent.cdninstagram.com/hphotos-xpa1/t51.2885-15/e15/925287_1464119273867077_427071626_n.jpg", "https://scontent.cdninstagram.com/hphotos-xap1/t51.2885-15/e15/925284_1534308033454310_855505111_n.jpg", "https://scontent.cdninstagram.com/hphotos-xfp1/t51.2885-15/e15/10666267_1550871771803214_2074300649_n.jpg", "https://scontent.cdninstagram.com/hphotos-prn/t51.2885-15/e15/10693244_734401199942901_1572709880_n.jpg", "https://scontent.cdninstagram.com/hphotos-prn/t51.2885-15/e15/10693771_1517437541834868_665867908_n.jpg", "https://scontent.cdninstagram.com/hphotos-prn/t51.2885-15/e15/10693822_497709657032441_1125408654_n.jpg", "https://scontent.cdninstagram.com/hphotos-prn/t51.2885-15/e15/10683941_796597910390683_12441123_n.jpg", "https://scontent.cdninstagram.com/hphotos-ash/t51.2885-15/e15/10661142_164227523747936_1526737465_n.jpg", "https://scontent.cdninstagram.com/hphotos-xfa1/t51.2885-15/e15/10661182_550889531706942_2043749716_n.jpg", "https://scontent.cdninstagram.com/hphotos-ash/t51.2885-15/e15/10520334_1523531751215211_1344090061_n.jpg", "https://scontent.cdninstagram.com/hphotos-prn/t51.2885-15/e15/10693390_547748238660649_761529890_n.jpg", "https://scontent.cdninstagram.com/hphotos-prn/t51.2885-15/e15/10693650_837768039589771_1793184733_n.jpg", "https://scontent.cdninstagram.com/hphotos-xft1/t51.2885-15/e15/914812_1529561143923493_1662159287_n.jpg", "https://scontent.cdninstagram.com/hphotos-xfp1/t51.2885-15/e15/10644019_368509079979549_2085033896_n.jpg", "https://scontent.cdninstagram.com/hphotos-xta1/t51.2885-15/e15/10684161_918887498139099_2081383304_n.jpg", "https://scontent.cdninstagram.com/hphotos-ash/t51.2885-15/e15/10683828_327931784041264_894089329_n.jpg", "https://scontent.cdninstagram.com/hphotos-prn/t51.2885-15/e15/10666028_872988212713750_1345360858_n.jpg", "https://scontent.cdninstagram.com/hphotos-xpf1/t51.2885-15/e15/10665501_1452353738387652_2075798065_n.jpg"],
			"link": ["tXuIHso7qK", "tJjQlAo7kH", "tDYyUeo7oX", "tCBULHo7sW", "tB_Xmao7qG", "s8cKzLI7pM", "s6-lOFo7ip", "s5GifkI7q7", "s3uZcmo7uj", "s2bb5io7p-", "s2P72tI7o6", "s2FPpGI7o_", "s1LPQPo7v8", "szZP5Io7lY", "sr9rtNo7lM", "sr7gXKI7h_", "srG7fjo7sV", "spAnrio7oh", "sj4BGgI7t_"],
			"text": ["我的好朋友——超级高冷超级磨人的丝瓜", "沉眠的店主失眠的狗。想起大学的最后时光，宿舍24小时都有人醒着，自由的人生，自由的酒和曲终人散，大家通常没有另一半，没有钱，没有忧愁，爽成狗", "如果他是程序员…\nvar date = lifetime;\rif(rotate(mountain, water, stupa)){ /*return nextLifetime;*/ return meetyou(journey);\r}", "听着山寨的民谣电子乐，看着美好的姑娘。功德无量。", "弥里塘太宁静。在这我一直想起每一个被深圳车水马龙声吵醒的早晨，真是光辉的岁月", "进藏。天空挂满着云，黑的白的都有。云朵转眼飘散，它却依然是蓝色。", "“音浪太强不晃会被撞到地上…”", "陌生的朋友，愿下次再能与你们相聚在丽江love wine & half。我无法融解你悲观现实的想法，你也无法说服我旅行并不是逃避。但这都很有意思。只是想起以前有个人叫我不能喝太多的酒，一想到这个呀我就越喝越多", "玉龙雪山", "以前想去丽江，但去过的人都灌输着你也许会失望的观念，因而甚至不敢动身。这是一种“怕”。有时候真得自己去看看才会了然。第一天在丽江，民谣吉他缓缓流过商业化的街道，原来没有惊喜，也没有失望，一切刚刚好。", "我注定要回到老路上", "彩云之南", "云南，向往已久的地方", "QQ同时在线人数破2亿纪念，作为一颗小小螺丝钉，名字正好镶到企鹅的大嘴巴上。这时觉得有一丝光荣，一种努力被实化的错觉；然后又有点不舒服，感觉此时的自己，和名字身边的人一样。可我想要的就是不一样。", "陪伴一定得是件漫长的事呵。和奶奶在一起的中秋节。", "中秋和家人一起去看孔明灯，热闹而安逸，这是小城市的美好。", "老家的葡萄藤，从我初中时就挂在这，再见已是十一年", "家里橄榄熟了，盐渍，暴晒，蘸蜜，简直人间美味!", "在一场太阳雨里回到家中"],
			"type": ["image", "image", "image", "image", "image", "image", "video", "image", "video", "image", "video", "image", "image", "image", "image", "video", "image", "image", "image"]
		}
	}, {
		"date": "2014-8",
		"arr": {
			"year": 2014,
			"month": 8,
			"src": ["https://scontent.cdninstagram.com/hphotos-ash/t51.2885-15/e15/10654876_610857929023752_364709543_n.jpg", "https://scontent.cdninstagram.com/hphotos-xfa1/t51.2885-15/e15/10644013_777642448965989_544517718_n.jpg", "https://scontent.cdninstagram.com/hphotos-xap1/t51.2885-15/e15/924456_1471485796442896_1699836323_n.jpg", "https://scontent.cdninstagram.com/hphotos-xtp1/t51.2885-15/e15/10607913_692632367472666_1829853902_n.jpg", "https://scontent.cdninstagram.com/hphotos-xtf1/t51.2885-15/e15/10611052_1466241683635233_830264506_n.jpg", "https://scontent.cdninstagram.com/hphotos-frc/t51.2885-15/e15/10617144_829548960388746_1611410337_n.jpg", "https://scontent.cdninstagram.com/hphotos-xft1/t51.2885-15/e15/10453953_542161702576881_1621059386_n.jpg"],
			"link": ["sXa9g6I7jB", "sPt4u4I7kA", "sC18G0o7qb", "sAMmEWI7oC", "rzSow4o7lH", "ro28LPI7oc", "rR37wLo7iu"],
			"text": ["在书店的晚上终于把新专反复听完。太柔了…打一星两星的人肯定是真爱粉，这点有人敢怀疑？我不是，打四星！停不下来，直到书店响起:深圳即将入眠。但22点还是深圳的早晨呀", "慢三的华尔兹，大篇幅的爵士即兴。感觉生活得太浮躁。也太安逸。", "好久没看话剧，这部果然没让人失望。导演太会讲故事了，1024个赞", "纵有一万种悲伤的美丽，也比不过这段。", "在书城里看到的《后会无期》分镜图。电影那么美，分镜是这样，这就是现实~", "如果你从北京来看我，我会很感动;如果你像光，从太阳那头过来，我不以为然。因为光到地球只要8.3分钟。我们经常错用代价来衡量情感", "相聚总有时:)"],
			"type": ["image", "video", "image", "image", "image", "image", "image"]
		}
	}, {
		"date": "2014-7",
		"arr": {
			"year": 2014,
			"month": 7,
			"src": ["https://scontent.cdninstagram.com/hphotos-xpa1/t51.2885-15/e15/925559_1482425071996009_1940959046_n.jpg", "https://scontent.cdninstagram.com/hphotos-frc/t51.2885-15/e15/10554006_501929086608023_917623457_n.jpg", "https://scontent.cdninstagram.com/hphotos-frc/t51.2885-15/e15/10576105_624878090953161_638111947_n.jpg", "https://scontent.cdninstagram.com/hphotos-xpf1/t51.2885-15/e15/10570119_332808380211109_125412512_n.jpg", "https://scontent.cdninstagram.com/hphotos-xpa1/t51.2885-15/e15/926536_828142997203682_1319760676_n.jpg", "https://scontent.cdninstagram.com/hphotos-xap1/t51.2885-15/e15/923702_252705761596555_721784545_n.jpg", "https://scontent.cdninstagram.com/hphotos-ash/t51.2885-15/e15/10549755_708603639175850_2095584541_n.jpg", "https://scontent.cdninstagram.com/hphotos-xtf1/t51.2885-15/e15/928307_1442957109299429_297849354_n.jpg", "https://scontent.cdninstagram.com/hphotos-ash/t51.2885-15/e15/10488451_303926969784787_1278259348_n.jpg"],
			"link": ["q5e2KpI7qn", "qyXXpNI7q5", "qxfUe0I7lp", "qq9usdo7hr", "qn4WCIo7hi", "ql0brho7vN", "qkiaYDo7t9", "qURC9fI7r-", "p4A8IuI7py"],
			"text": ["随便走走，发现世界还是很美好的。当拥有美好事物时，经常习惯性的熟视无睹;当努力抓住你想要的东西时，它又可能瞬间破碎。但依旧需要不妥协。", "荔枝——我心目中的水果之王（有之一）", "高中时代最新款的mp4，现已成了老古董", "台风来临时，刚好会是暑假。但我已没有暑假。", "看着一场雨由远及近的淋湿院子，太漂亮", "归来却空空的行囊  那故乡的云  那故乡的风  啦啦啦啦啦 啦啦啦。", "在今年第一个狂风大作的早上，回家去", "98年，世界杯第一次在我脑中留下记忆，和爸，围着那台很小的tcl。今天，爸还打电话给我，让我别看太晚影响到明天工作，但我知道他自己也会去看的。是的，我们爱足球，今生今世", "这几天深圳的天空很美，无论晴雨"],
			"type": ["image", "image", "image", "image", "image", "image", "image", "image", "image"]
		}
	}, {
		"date": "2014-6",
		"arr": {
			"year": 2014,
			"month": 6,
			"src": ["https://scontent.cdninstagram.com/hphotos-xfa1/t51.2885-15/e15/10362316_1434933843444633_1187384207_n.jpg", "https://scontent.cdninstagram.com/hphotos-prn/t51.2885-15/e15/10471930_507725875994902_393186392_n.jpg", "https://scontent.cdninstagram.com/hphotos-xaf1/t51.2885-15/e15/10454011_484872768311603_738380027_n.jpg", "https://scontent.cdninstagram.com/hphotos-xaf1/t51.2885-15/e15/923661_248502122024084_2086692261_n.jpg", "https://scontent.cdninstagram.com/hphotos-xtp1/t51.2885-15/e15/10424605_774238262594769_78480252_n.jpg"],
			"link": ["p06uEZI7tG", "pytFNpo7sD", "poMFteI7q0", "pMt5tgI7vj", "o3eroFo7gK"],
			"text": ["“往事依稀浑似梦，都随风雨到心头”——梅表姐", "navy blue", "今天我遇到一朵枯玫瑰。她只是枯萎，从未凋零。", "上届卫冕冠军被打成筛子的…是热火…", "我和大神的差距——web工程师的自我修养"],
			"type": ["image", "image", "image", "image", "image"]
		}
	}, {
		"date": "2014-5",
		"arr": {
			"year": 2014,
			"month": 5,
			"src": ["https://scontent.cdninstagram.com/hphotos-xat1/t51.2885-15/e15/10387796_255697041300477_753213015_n.jpg", "https://scontent.cdninstagram.com/hphotos-frc/t51.2885-15/e15/10005623_779769878723970_627922376_n.jpg", "https://scontent.cdninstagram.com/hphotos-xpf1/t51.2885-15/e15/10358172_1495900567292387_640174442_n.jpg", "https://scontent.cdninstagram.com/hphotos-xta1/t51.2885-15/e15/10369281_674379822637848_233362820_n.jpg", "https://scontent.cdninstagram.com/hphotos-xfa1/t51.2885-15/e15/928251_430572373746575_786910314_n.jpg", "https://scontent.cdninstagram.com/hphotos-frc/t51.2885-15/e15/10358301_256481271142988_1088114034_n.jpg", "https://scontent.cdninstagram.com/hphotos-xap1/t51.2885-15/e15/10296597_1413560715589179_392570057_n.jpg", "https://scontent.cdninstagram.com/hphotos-xtf1/t51.2885-15/e15/10299642_561366610636165_721929935_n.jpg", "https://scontent.cdninstagram.com/hphotos-xfa1/t51.2885-15/e15/10268965_1446530205590326_114108738_n.jpg"],
			"link": ["op03boo7lW", "ops-ZUI7t-", "ofqhBpI7mQ", "odP0cno7ue", "oLX-4GI7ne", "oBl6WtI7qC", "nvPChzI7vU", "ngAyz8o7qj", "ndTggdI7jn"],
			"text": ["突然发现我还是挺喜欢大晴天的", "单人旅行走起！开心", "不久就可以吃了", "黄昏时分", "大雨倾城", "今天路过公园，一朵玉兰掉在身边。想起小时候陪伴我的三棵树，两棵木棉，一棵玉兰。当然玉兰这名字是后来才知道的，记忆里的那朵永远叫做香花。三年级的某天放学，这三棵树一并倒下了。", "雨中深大。雨季再来不再来。", "say hey to may", "故事中的小黄花"],
			"type": ["image", "image", "image", "image", "image", "image", "image", "image", "image"]
		}
	}, {
		"date": "2014-4",
		"arr": {
			"year": 2014,
			"month": 4,
			"src": ["https://scontent.cdninstagram.com/hphotos-ash/t51.2885-15/e15/10261258_711820055527911_220271949_n.jpg", "https://scontent.cdninstagram.com/hphotos-xpt1/t51.2885-15/e15/10249356_695726313802446_881680057_n.jpg", "https://scontent.cdninstagram.com/hphotos-ash/t51.2885-15/e15/10268929_597082527053970_1060360934_n.jpg", "https://scontent.cdninstagram.com/hphotos-ash/t51.2885-15/e15/10268941_490697914386538_1148834228_n.jpg", "https://scontent.cdninstagram.com/hphotos-xtf1/t51.2885-15/e15/10254195_545488182236276_1930978882_n.jpg", "https://scontent.cdninstagram.com/hphotos-xtp1/t51.2885-15/e15/917572_539124756205696_1549712749_n.jpg", "https://scontent.cdninstagram.com/hphotos-xaf1/t51.2885-15/e15/927273_657564254280429_578859844_n.jpg", "https://scontent.cdninstagram.com/hphotos-frc/t51.2885-15/e15/10175316_650834874981595_1358429831_n.jpg", "https://scontent.cdninstagram.com/hphotos-xaf1/t51.2885-15/e15/926422_245144379006241_1254093305_n.jpg", "https://scontent.cdninstagram.com/hphotos-xaf1/t51.2885-15/e15/891289_302574849898688_205313988_n.jpg", "https://scontent.cdninstagram.com/hphotos-frc/t51.2885-15/e15/10175309_510867459023322_1700312549_n.jpg"],
			"link": ["nOGNjUI7op", "nGJfYAo7lW", "nATIxlI7tR", "mxsNwto7pQ", "mm7JTUI7p0", "mhER0lo7oe", "mfvVUYI7hu", "mdF-nNo7pE", "mcVLQzo7nl", "mb5cFho7sd", "maqYInI7if"],
			"text": ["谢谢亲们的蛋糕和礼物;谢谢我们始终用“同学”来称呼彼此。", "处女座老榕树", "放风筝的人们", "现在我的状态，像极了一只被推上战场僵尸", "这几天我耳边是都是这样的话语:1、“就是敲敲键盘，挺清闲的哈！”2、“别太挑剔，给个一两千就先做着”3、“什么？你那一碗粉要十二块钱？！”我回深圳了，几天的清静生活，谢谢乡亲们的招待。", "good luck", "瓦上花开", "好吧，这是一艘船", "石表山，思罗河，四年后的清明我又来到了这儿", "清明，一路向西", "清明一回到家，老妈就开始炫耀她试验种的豆芽。愿君多采撷，此物最好吃？"],
			"type": ["image", "image", "image", "image", "image", "image", "image", "image", "image", "image", "image"]
		}
	}, {
		"date": "2014-3",
		"arr": {
			"year": 2014,
			"month": 3,
			"src": ["https://scontent.cdninstagram.com/hphotos-xft1/t51.2885-15/e15/10012487_604746702952671_676907736_n.jpg", "https://scontent.cdninstagram.com/hphotos-xfa1/t51.2885-15/e15/1171265_389602547845527_1588547561_n.jpg", "https://scontent.cdninstagram.com/hphotos-xfa1/t51.2885-15/e15/11376491_1614984048759908_413209146_n.jpg", "https://scontent.cdninstagram.com/hphotos-xft1/t51.2885-15/e15/11251074_365441270314698_1015057085_n.jpg", "https://scontent.cdninstagram.com/hphotos-xft1/t51.2885-15/e15/11380079_1581430378786145_504181803_n.jpg", "https://scontent.cdninstagram.com/hphotos-xtf1/t51.2885-15/e15/11330604_837683999618217_506172540_n.jpg", "https://scontent.cdninstagram.com/hphotos-xpa1/t51.2885-15/e15/11273047_110162449318540_1639646034_n.jpg", "https://scontent.cdninstagram.com/hphotos-xap1/t51.2885-15/e15/11375356_908792249164254_112740693_n.jpg", "https://scontent.cdninstagram.com/hphotos-xfa1/t51.2885-15/e15/11357539_388432694679963_1281450994_n.jpg", "https://scontent.cdninstagram.com/hphotos-xpa1/t51.2885-15/e15/11311124_1611430865770700_1482115931_n.jpg"],
			"link": ["mIgOdio7jT", "mIAS5lo7hb", "lrhVmio7lF", "lmADv6I7rU", "lhPFVeI7g6", "lcyrKSI7h_", "lSda6Ko7nG", "lSSxd8I7kB", "lK0xswI7s6", "lA4KaBI7go"],
			"text": ["转角遇到戏台，耳熟却不知道是哪一出了。想起爷爷以前的二胡与杨琴，自己精削细磨的琴竹，还有他组织的“菊山楼”粤剧队，真是一晃好些年。今年清明，一定回去。", "这本书超赞！好书好书好书", "四五点写程序太累，就不写了。不告诉任何人，跑到这个立交桥底，我已来过好几回。这里有一棵白色的紫荆花，满墙爬山虎，和刚放学的小朋友，出去，右拐，再右拐，转角可以遇到你，我的肉夹馍…", "越来越认生了，到步行街买衣服，找到比较适合的，却因为店员太过热情…跑了出来。闹市中居然藏有一古庙，还是这里自在，漫天神佛只是笑笑，不理物我，无论喜悲。对了我来这干嘛", "爬山的好处:强身健体，磨砺意志，开阔胸怀…坏处是:没有wifi。", "又见回南天", "老妈说，今天要我送个礼物！离家万里，只好迅速开发出这个app，摇后就会播放我唱的真的爱你。可惜她说摇后没反应，后来才知道，她拿的ipad在摇…但我是真的爱你", "今天下雨，的士司机都不肯理我。头上路灯光芒遥不可及，脚下路面棱角冰冷鲜明", "起风吧，明天。喜欢偏冷的日子，假如是春天，假如是风大，太完美了", "腾讯的凌晨四点半。第一次在此过夜，听着耳熟不能详的歌，看着平静不微笑的人。然后记起，家里打来被我按掉的电话，忘了回"],
			"type": ["image", "image", "image", "image", "image", "image", "image", "image", "image", "image"]
		}
	}, {
		"date": "2014-2",
		"arr": {
			"year": 2014,
			"month": 2,
			"src": ["https://scontent.cdninstagram.com/hphotos-ash/t51.2885-15/e15/1737225_591794970889160_1849235580_n.jpg", "https://scontent.cdninstagram.com/hphotos-prn/t51.2885-15/e15/1741200_451260698337036_577792061_n.jpg"],
			"link": ["kv3jNgI7sw", "kr8sW8I7nR"],
			"text": ["“不能吃太胖喔，会被杀掉的！”", "今晚，已经看到两个小女生在问，这里有《九云梦》吗？"],
			"type": ["image", "image"]
		}
	}]
}